metric,target_recall,precision_at_target_recall,achieved_recall_at_target,threshold_at_target_recall,non_hallucinated_ratio_at_target_recall,predicted_hallucinated_ratio_at_target_recall
图文匹配度风险,0.9,0.27938671209540034,0.9010989010989011,0.7464128136634827,0.5281350482315113,0.47186495176848875
图文匹配度风险,0.95,0.23763736263736263,0.9505494505494505,0.735984206199646,0.4147909967845659,0.5852090032154341
图文匹配度风险,0.98,0.19498910675381265,0.9835164835164835,0.722200870513916,0.26205787781350487,0.7379421221864951
图文匹配度风险,0.99,0.18081918081918083,0.9945054945054945,0.7155335247516632,0.19533762057877813,0.8046623794212219
