metric,auroc,auprc,best_f1,best_threshold,best_precision,best_recall,target_recall,precision_at_target_recall,achieved_recall_at_target,threshold_at_target_recall,non_hallucinated_ratio_at_target_recall,predicted_hallucinated_ratio_at_target_recall
detector_evidence_low,0.9659371241003895,0.9334292779908822,0.9387755102040816,1.0,1.0,0.8846153846153846,0.99,0.18009950248756218,0.9945054945054945,0.9862093953415751,0.20238095238095233,0.7976190476190477
grounding_low,0.7881404309975738,0.2897024167204641,0.4554794520547945,0.7660070508718491,0.3308457711442786,0.7307692307692307,0.99,0.17779960707269155,0.9945054945054945,0.7155335247516632,0.19206349206349205,0.807936507936508
uncertainty_topk_entropy,0.5245978511284634,0.1718919771937102,0.2526023594725885,0.11709332466125488,0.14455917394757745,1.0,0.99,0.14455917394757745,1.0,0.11709332466125488,0.0007936507936507908,0.9992063492063492
vis_deficit,0.4590817345919387,0.13797392822857013,0.25833924769339955,-5.653703212738037,0.14832925835370822,1.0,0.99,0.14832925835370822,1.0,-5.653703212738037,0.02619047619047621,0.9738095238095238
